Year,Tm,HR,BB,SO,OPS,W-L%,ERA,H9,HR9,SO9,SO/W
2004,Arizona Diamondbacks,135,441,1022,0.703,0.315,4.98,9.3,1.2,7.2,1.73
2004,Atlanta Braves,178,587,1158,0.777,0.593,3.74,9.2,1,6.4,1.96
2004,Chicago Cubs,235,489,1080,0.786,0.549,3.81,8.4,1,8.3,2.47
2004,Cincinnati Reds,194,599,1335,0.749,0.469,5.19,9.9,1.5,6.2,1.73
2004,Colorado Rockies,202,568,1181,0.8,0.42,5.54,10.2,1.2,5.9,1.36
2004,Florida Marlins,148,499,968,0.736,0.512,4.1,8.7,1,7,2.18
2004,Houston Astros,187,590,999,0.778,0.568,4.05,8.8,1.1,8,2.44
2004,Los Angeles Dodgers,203,536,1092,0.755,0.574,4.01,8.6,1.1,6.6,2.05
2004,Milwaukee Brewers,135,540,1312,0.708,0.416,4.24,9,1,6.9,2.31
2004,Montreal Expos,151,496,925,0.705,0.414,4.33,9.2,1.2,6.4,1.77
2004,New York Mets,185,512,1159,0.726,0.438,4.09,9,1,6.1,1.65
2004,Philadelphia Phillies,215,645,1133,0.788,0.531,4.45,9.2,1.3,6.6,2.13
2004,Pittsburgh Pirates,142,415,1066,0.722,0.447,4.29,9.1,0.9,6.8,1.87
2004,San Diego Padres,139,566,910,0.756,0.537,4.03,9.1,1.1,6.7,2.56
2004,San Francisco Giants,183,705,874,0.795,0.562,4.29,9.1,1,6.3,1.86
2004,St. Louis Cardinals,214,548,1085,0.804,0.648,3.75,8.5,1,6.4,2.37
2004,Anaheim Angels,162,450,942,0.77,0.568,4.28,9.1,1.1,7.2,2.32
2004,Baltimore Orioles,169,528,949,0.776,0.481,4.7,9.2,1,6.7,1.59
2004,Boston Red Sox,222,659,1189,0.832,0.605,4.18,8.9,1,7,2.53
2004,Chicago White Sox,242,499,1030,0.79,0.512,4.91,9.5,1.4,6.4,1.92
2004,Cleveland Indians,184,606,1009,0.795,0.494,4.81,9.5,1.2,6.8,1.93
2004,Detroit Tigers,201,518,1144,0.786,0.444,4.93,9.6,1.2,6.2,1.88
2004,Kansas City Royals,150,461,1057,0.72,0.358,5.15,10.4,1.3,5.6,1.71
2004,Minnesota Twins,191,513,982,0.763,0.568,4.03,9.3,1,6.8,2.61
2004,New York Yankees,242,670,982,0.811,0.623,4.69,9.6,1.1,6.6,2.38
2004,Oakland Athletics,189,608,1061,0.776,0.562,4.17,9,1,6.3,1.9
2004,Seattle Mariners,136,492,1058,0.727,0.389,4.76,9.2,1.3,6.4,1.8
2004,Tampa Bay Devil Rays,145,469,944,0.725,0.435,4.81,9.3,1.2,5.9,1.59
2004,Texas Rangers,227,500,1099,0.786,0.549,4.53,9.6,1.1,6.1,1.79
2004,Toronto Blue Jays,145,513,1083,0.732,0.416,4.91,9.5,1.1,6.1,1.57
2005,Arizona Diamondbacks,191,606,1094,0.754,0.475,4.84,9.8,1.2,6.4,1.93
2005,Atlanta Braves,184,534,1084,0.768,0.556,3.98,9.3,0.9,5.8,1.79
2005,Chicago Cubs,194,419,920,0.764,0.488,4.19,8.5,1.2,7.9,2.18
2005,Cincinnati Reds,222,611,1303,0.785,0.451,5.15,10.4,1.4,6,1.94
2005,Colorado Rockies,150,509,1103,0.744,0.414,5.13,10.2,1.1,6.2,1.62
2005,Florida Marlins,128,512,918,0.748,0.512,4.16,9.1,0.7,7,2
2005,Houston Astros,161,481,1037,0.73,0.549,3.51,8.3,1,7.3,2.65
2005,Los Angeles Dodgers,149,541,1094,0.721,0.438,4.38,9,1.1,6.3,2.13
2005,Milwaukee Brewers,175,531,1162,0.754,0.5,3.97,8.6,1.1,7.3,2.06
2005,New York Mets,175,486,1075,0.738,0.512,3.76,8.7,0.8,6.3,2.06
2005,Philadelphia Phillies,167,639,1083,0.772,0.543,4.21,8.6,1.2,7.3,2.38
2005,Pittsburgh Pirates,139,471,1092,0.723,0.414,4.42,9.1,1,6,1.57
2005,San Diego Padres,130,600,977,0.724,0.506,4.13,9,0.9,7,2.25
2005,San Francisco Giants,128,431,901,0.714,0.463,4.33,9.1,0.9,6.1,1.64
2005,St. Louis Cardinals,170,534,947,0.762,0.617,3.49,8.7,1,6.1,2.2
2005,Washington Nationals,117,491,1090,0.708,0.5,3.87,9,0.9,6.2,1.85
2005,Baltimore Orioles,189,447,902,0.761,0.457,4.56,9.2,1.1,6.6,1.81
2005,Boston Red Sox,199,653,1044,0.811,0.586,4.74,9.8,1,6,2.18
2005,Chicago White Sox,200,435,1002,0.747,0.611,3.61,8.5,1,6.3,2.27
2005,Cleveland Indians,207,503,1093,0.787,0.574,3.61,8.4,1,6.5,2.54
2005,Detroit Tigers,168,384,1038,0.75,0.438,4.51,9.4,1.2,5.7,1.97
2005,Kansas City Royals,126,424,1008,0.716,0.346,5.49,10.4,1.1,5.9,1.59
2005,Los Angeles Angels of Anaheim,147,447,848,0.734,0.586,3.68,8.7,1,6.9,2.54
2005,Minnesota Twins,134,485,978,0.714,0.512,3.71,9,1,5.9,2.77
2005,New York Yankees,229,637,989,0.805,0.586,4.52,9.4,1,6.2,2.13
2005,Oakland Athletics,155,537,819,0.737,0.543,3.69,8.2,1,6.7,2.13
2005,Seattle Mariners,130,466,986,0.709,0.426,4.49,9.3,1.1,5.6,1.8
2005,Tampa Bay Devil Rays,157,412,990,0.754,0.414,5.39,9.9,1.2,6,1.54
2005,Texas Rangers,260,495,1112,0.798,0.488,4.96,9.9,1,5.8,1.79
2005,Toronto Blue Jays,136,486,955,0.738,0.494,4.06,9.2,1.2,6,2.16
2006,Arizona Diamondbacks,160,504,965,0.755,0.469,4.48,9.3,1,6.9,2.08
2006,Atlanta Braves,222,526,1169,0.791,0.488,4.6,9.5,1.1,6.6,1.83
2006,Chicago Cubs,166,395,928,0.741,0.407,4.74,8.7,1.3,7.8,1.82
2006,Cincinnati Reds,217,614,1192,0.768,0.494,4.51,9.8,1.3,6.6,2.27
2006,Colorado Rockies,157,561,1108,0.774,0.469,4.66,9.6,1,5.9,1.72
2006,Florida Marlins,182,497,1249,0.766,0.481,4.37,9.2,1,6.8,1.75
2006,Houston Astros,174,585,1076,0.741,0.506,4.08,8.7,1.1,7.1,2.42
2006,Los Angeles Dodgers,153,601,959,0.781,0.543,4.23,9.4,0.9,6.6,2.17
2006,Milwaukee Brewers,180,502,1233,0.747,0.463,4.82,9.2,1.1,7.2,2.23
2006,New York Mets,200,547,1071,0.78,0.599,4.14,8.6,1.1,7.2,2.2
2006,Philadelphia Phillies,216,626,1203,0.794,0.525,4.6,9.6,1.3,7,2.22
2006,Pittsburgh Pirates,141,459,1200,0.723,0.414,4.52,9.7,1,6.6,1.71
2006,San Diego Padres,161,564,1104,0.749,0.543,3.87,8.5,1.1,6.7,2.34
2006,San Francisco Giants,163,494,891,0.746,0.472,4.63,9,1,6.2,1.7
2006,St. Louis Cardinals,184,531,922,0.769,0.516,4.54,9.3,1.2,6.1,1.92
2006,Washington Nationals,164,594,1156,0.756,0.438,5.03,9.6,1.2,6,1.64
2006,Baltimore Orioles,164,474,878,0.763,0.432,5.35,10,1.4,6.4,1.66
2006,Boston Red Sox,192,672,1056,0.786,0.531,4.83,9.8,1.1,6.7,2.1
2006,Chicago White Sox,236,502,1056,0.806,0.556,4.61,9.5,1.2,6.3,2.34
2006,Cleveland Indians,196,556,1204,0.806,0.481,4.41,10,1,6,2.21
2006,Detroit Tigers,203,430,1133,0.777,0.586,3.84,8.8,1,6.2,2.05
2006,Kansas City Royals,124,474,1040,0.743,0.383,5.65,10.4,1.3,5.7,1.42
2006,Los Angeles Angels of Anaheim,159,486,914,0.759,0.549,4.04,8.7,1,7.2,2.47
2006,Minnesota Twins,143,490,872,0.771,0.593,3.95,9.3,1.1,7.3,3.27
2006,New York Yankees,210,649,1053,0.824,0.599,4.41,9.1,1.1,6.4,2.05
2006,Oakland Athletics,175,650,976,0.752,0.574,4.21,9.5,1,6.2,1.9
2006,Seattle Mariners,172,404,974,0.749,0.481,4.6,9.3,1.1,6.6,1.91
2006,Tampa Bay Devil Rays,190,441,1106,0.733,0.377,4.96,10.1,1.1,6.2,1.62
2006,Texas Rangers,183,505,1061,0.784,0.494,4.6,9.8,1,6.1,1.96
2006,Toronto Blue Jays,199,514,906,0.811,0.537,4.37,9.1,1.2,6.8,2.13
2007,Arizona Diamondbacks,171,532,1111,0.734,0.556,4.13,9,1.1,6.8,1.99
2007,Atlanta Braves,176,534,1149,0.774,0.519,4.11,8.9,1.1,6.8,2.06
2007,Chicago Cubs,151,500,1054,0.754,0.525,4.04,8.3,1,7.5,2.11
2007,Cincinnati Reds,204,536,1113,0.772,0.444,4.94,10,1.2,6.6,2.22
2007,Colorado Rockies,171,622,1152,0.791,0.552,4.32,9.2,1,5.9,1.92
2007,Florida Marlins,201,521,1332,0.784,0.438,4.94,10.1,1.1,7.1,1.73
2007,Houston Astros,167,547,1043,0.742,0.451,4.68,9.6,1.3,6.8,2.17
2007,Los Angeles Dodgers,129,511,864,0.743,0.506,4.2,9,0.9,7.3,2.29
2007,Milwaukee Brewers,231,501,1137,0.785,0.512,4.41,9.4,1,7.3,2.32
2007,New York Mets,177,549,981,0.775,0.543,4.26,8.8,1,7,1.99
2007,Philadelphia Phillies,213,641,1205,0.812,0.549,4.73,9.6,1.2,6.5,1.88
2007,Pittsburgh Pirates,148,463,1135,0.736,0.42,4.93,10.1,1.1,6.2,1.92
2007,San Diego Padres,171,557,1229,0.732,0.546,3.7,8.5,0.7,6.9,2.4
2007,San Francisco Giants,131,532,907,0.708,0.438,4.19,8.9,0.8,6.5,1.78
2007,St. Louis Cardinals,141,506,909,0.743,0.481,4.65,9.5,1.1,5.9,1.86
2007,Washington Nationals,123,524,1128,0.715,0.451,4.58,9.3,1.2,5.8,1.61
2007,Baltimore Orioles,142,500,939,0.746,0.426,5.17,9.3,1,6.8,1.56
2007,Boston Red Sox,166,689,1042,0.806,0.593,3.87,8.4,0.9,7.2,2.38
2007,Chicago White Sox,190,532,1149,0.722,0.444,4.77,9.7,1.1,6.3,2.03
2007,Cleveland Indians,178,590,1202,0.771,0.593,4.05,9.3,0.9,6.4,2.55
2007,Detroit Tigers,177,474,1054,0.802,0.543,4.57,9.3,1.1,6.5,1.85
2007,Kansas City Royals,102,428,1069,0.71,0.426,4.48,9.7,1.1,6.2,1.91
2007,Los Angeles Angels of Anaheim,123,507,883,0.762,0.58,4.23,9.3,0.9,7.3,2.42
2007,Minnesota Twins,118,512,839,0.721,0.488,4.15,9.4,1.2,6.9,2.6
2007,New York Yankees,201,637,991,0.829,0.58,4.49,9.3,0.9,6.3,1.75
2007,Oakland Athletics,171,664,1119,0.745,0.469,4.28,9.1,0.9,6.4,1.95
2007,Seattle Mariners,153,389,861,0.762,0.543,4.73,9.9,0.9,6.4,1.87
2007,Tampa Bay Devil Rays,187,545,1324,0.769,0.407,5.53,10.4,1.3,7.5,2.1
2007,Texas Rangers,179,503,1224,0.754,0.463,4.75,9.6,1,6.1,1.46
2007,Toronto Blue Jays,165,533,1044,0.746,0.512,4,8.6,1,6.6,2.23
2008,Arizona Diamondbacks,159,587,1287,0.742,0.506,3.98,8.8,0.9,7.7,2.73
2008,Atlanta Braves,130,618,1023,0.753,0.444,4.46,9,1,6.7,1.84
2008,Chicago Cubs,184,636,1186,0.797,0.602,3.87,8.2,1,7.8,2.31
2008,Cincinnati Reds,187,560,1125,0.729,0.457,4.55,9.6,1.3,7.7,2.2
2008,Colorado Rockies,160,570,1209,0.751,0.457,4.77,9.6,0.9,6.5,1.85
2008,Florida Marlins,208,543,1371,0.759,0.522,4.43,8.9,1,7.1,1.92
2008,Houston Astros,167,449,1051,0.737,0.534,4.36,9.2,1.2,6.9,2.23
2008,Los Angeles Dodgers,137,543,1032,0.732,0.519,3.68,8.6,0.8,7.5,2.51
2008,Milwaukee Brewers,198,550,1203,0.757,0.556,3.85,8.7,1.1,6.9,2.1
2008,New York Mets,172,619,1024,0.761,0.549,4.07,8.7,1,7.3,2
2008,Philadelphia Phillies,214,586,1117,0.77,0.568,3.88,9,1,6.7,2.03
2008,Pittsburgh Pirates,153,474,1039,0.723,0.414,5.08,10.1,1.1,6,1.47
2008,San Diego Padres,154,518,1259,0.707,0.389,4.41,9,1,6.8,1.96
2008,San Francisco Giants,94,452,1044,0.703,0.444,4.38,8.8,0.9,7.7,1.9
2008,St. Louis Cardinals,174,577,985,0.783,0.531,4.19,9.4,1,5.9,1.93
2008,Washington Nationals,117,534,1095,0.696,0.366,4.66,9.4,1.2,6.7,1.81
2008,Baltimore Orioles,172,533,990,0.762,0.422,5.13,9.7,1.2,5.8,1.34
2008,Boston Red Sox,173,646,1068,0.805,0.586,4.01,8.5,0.9,7.4,2.16
2008,Chicago White Sox,235,540,1016,0.78,0.546,4.06,9.1,1,7.1,2.49
2008,Cleveland Indians,171,560,1213,0.763,0.5,4.45,9.6,1.1,6.2,2.22
2008,Detroit Tigers,200,572,1076,0.784,0.457,4.9,9.6,1.1,6.2,1.54
2008,Kansas City Royals,120,392,1005,0.717,0.463,4.48,9.2,1,6.8,2.11
2008,Los Angeles Angels of Anaheim,159,481,987,0.743,0.617,3.99,9,1,6.9,2.42
2008,Minnesota Twins,111,529,979,0.748,0.54,4.16,9.7,1.1,6.1,2.45
2008,New York Yankees,180,535,1015,0.769,0.549,4.28,9.2,0.9,7.1,2.33
2008,Oakland Athletics,125,574,1226,0.686,0.466,4.01,8.6,0.8,6.7,1.84
2008,Seattle Mariners,124,417,890,0.707,0.377,4.73,9.7,1,6.4,1.62
2008,Tampa Bay Rays,180,626,1224,0.762,0.599,3.82,8.3,1,7.1,2.17
2008,Texas Rangers,194,595,1207,0.816,0.488,5.37,10.3,1.1,6,1.54
2008,Toronto Blue Jays,126,521,938,0.731,0.531,3.49,8.3,0.8,7.4,2.54
2009,Arizona Diamondbacks,173,571,1298,0.742,0.432,4.42,9.1,1,7.2,2.21
2009,Atlanta Braves,149,602,1064,0.744,0.531,3.57,8.6,0.7,7.6,2.32
2009,Chicago Cubs,161,592,1185,0.738,0.516,3.84,8.3,1,7.9,2.17
2009,Cincinnati Reds,158,531,1129,0.712,0.481,4.18,8.8,1.2,6.6,1.85
2009,Colorado Rockies,190,660,1277,0.784,0.568,4.22,8.9,0.9,7.2,2.19
2009,Florida Marlins,159,568,1226,0.756,0.537,4.29,8.9,1,7.8,2.08
2009,Houston Astros,142,448,990,0.719,0.457,4.54,9.6,1.1,7.2,2.1
2009,Los Angeles Dodgers,145,607,1068,0.758,0.586,3.41,7.7,0.8,7.8,2.18
2009,Milwaukee Brewers,182,610,1231,0.767,0.494,4.83,9.4,1.3,6.9,1.82
2009,New York Mets,95,526,928,0.729,0.432,4.45,9.2,1,6.5,1.67
2009,Philadelphia Phillies,224,589,1155,0.781,0.574,4.16,9.1,1.2,7.1,2.36
2009,Pittsburgh Pirates,125,499,1142,0.705,0.385,4.59,9.5,1,5.8,1.63
2009,San Diego Padres,141,586,1182,0.701,0.463,4.37,8.8,1,7.4,1.97
2009,San Francisco Giants,122,392,1158,0.699,0.543,3.55,7.9,0.9,8.1,2.23
2009,St. Louis Cardinals,160,528,1041,0.747,0.562,3.66,8.8,0.8,6.6,2.28
2009,Washington Nationals,156,617,1208,0.743,0.364,5,9.7,1.1,5.8,1.45
2009,Baltimore Orioles,160,517,1013,0.747,0.395,5.15,10.3,1.4,5.9,1.71
2009,Boston Red Sox,212,659,1120,0.806,0.586,4.35,9.4,1,7.7,2.32
2009,Chicago White Sox,184,534,1022,0.74,0.488,4.14,9,1.1,7,2.21
2009,Cleveland Indians,161,582,1211,0.756,0.401,5.06,9.9,1.1,6.2,1.65
2009,Detroit Tigers,183,540,1114,0.747,0.528,4.29,9,1.1,6.9,1.86
2009,Kansas City Royals,144,457,1091,0.724,0.401,4.83,9.4,1,7.3,1.92
2009,Los Angeles Angels of Anaheim,173,547,1054,0.792,0.599,4.45,9.4,1.1,6.6,2.03
2009,Minnesota Twins,172,585,1021,0.774,0.534,4.5,9.6,1.1,6.5,2.26
2009,New York Yankees,244,663,1014,0.839,0.636,4.26,8.6,1.1,7.8,2.2
2009,Oakland Athletics,135,527,1046,0.726,0.463,4.26,9.2,1,7,2.15
2009,Seattle Mariners,160,421,1093,0.716,0.525,3.87,8.4,1.1,6.5,1.95
2009,Tampa Bay Rays,199,642,1229,0.782,0.519,4.33,9,1.2,7.1,2.18
2009,Texas Rangers,224,472,1253,0.764,0.537,4.38,9,1.1,6.4,1.91
2009,Toronto Blue Jays,209,548,1028,0.773,0.463,4.47,9.4,1.1,7.3,2.14
2010,Arizona Diamondbacks,180,589,1529,0.74,0.401,4.81,9.4,1.3,6.7,1.95
2010,Atlanta Braves,139,634,1140,0.74,0.562,3.56,8.3,0.8,7.8,2.46
2010,Chicago Cubs,149,479,1236,0.721,0.463,4.18,8.8,1,7.9,2.1
2010,Cincinnati Reds,188,522,1218,0.774,0.562,4.01,8.7,1,7,2.16
2010,Colorado Rockies,173,585,1274,0.76,0.512,4.14,8.8,0.9,7.7,2.35
2010,Florida Marlins,152,514,1375,0.724,0.494,4.08,9,0.8,7.3,2.13
2010,Houston Astros,108,415,1025,0.665,0.469,4.09,9,0.9,7.6,2.21
2010,Los Angeles Dodgers,120,533,1184,0.7,0.494,4.01,8.3,0.8,8,2.36
2010,Milwaukee Brewers,182,546,1216,0.759,0.475,4.58,9.3,1.1,7.9,2.16
2010,New York Mets,128,502,1095,0.697,0.488,3.7,8.9,0.8,6.9,2.03
2010,Philadelphia Phillies,166,560,1064,0.745,0.599,3.67,8.7,1,7.3,2.84
2010,Pittsburgh Pirates,126,463,1207,0.678,0.352,5,10,1.1,6.5,1.91
2010,San Diego Padres,132,538,1183,0.689,0.556,3.39,8.1,0.9,8,2.5
2010,San Francisco Giants,162,487,1099,0.729,0.568,3.36,7.9,0.8,8.2,2.3
2010,St. Louis Cardinals,150,541,1027,0.733,0.531,3.57,8.7,0.8,6.8,2.29
2010,Washington Nationals,149,503,1220,0.708,0.426,4.13,9.2,0.9,6.7,2.09
2010,Baltimore Orioles,133,424,1056,0.702,0.407,4.59,9.4,1.2,6.3,1.94
2010,Boston Red Sox,211,587,1140,0.79,0.549,4.2,8.7,0.9,7.5,2.08
2010,Chicago White Sox,177,467,922,0.752,0.543,4.09,9.2,0.8,7.1,2.34
2010,Cleveland Indians,128,545,1184,0.7,0.426,4.3,9.3,0.9,6.1,1.69
2010,Detroit Tigers,152,546,1147,0.75,0.5,4.3,9,0.9,6.6,1.97
2010,Kansas City Royals,121,471,905,0.73,0.414,4.97,9.7,1.1,6.5,1.88
2010,Los Angeles Angels of Anaheim,155,466,1070,0.702,0.494,4.04,8.8,0.9,7,2
2010,Minnesota Twins,142,559,967,0.762,0.58,3.95,9.2,1,6.5,2.74
2010,New York Yankees,201,662,1136,0.786,0.586,4.06,8.4,1.1,7.2,2.14
2010,Oakland Athletics,109,527,1061,0.702,0.5,3.56,8.3,1,6.7,2.09
2010,Seattle Mariners,101,459,1184,0.637,0.377,3.93,8.8,1,6.1,2.15
2010,Tampa Bay Rays,160,672,1292,0.736,0.593,3.78,8.3,1.1,7.4,2.49
2010,Texas Rangers,162,511,986,0.757,0.556,3.93,8.4,1,7.3,2.14
2010,Toronto Blue Jays,257,471,1164,0.766,0.525,4.22,8.8,0.9,7.4,2.2
2011,Arizona Diamondbacks,172,531,1249,0.736,0.58,3.8,8.8,1,6.6,2.39
2011,Atlanta Braves,173,504,1260,0.695,0.549,3.48,8.1,0.8,8.1,2.56
2011,Chicago Cubs,148,425,1202,0.715,0.438,4.33,9,1,7.7,2.11
2011,Cincinnati Reds,183,535,1250,0.734,0.488,4.16,8.7,1.1,6.8,2.06
2011,Colorado Rockies,163,555,1201,0.739,0.451,4.43,9.1,1.1,7,2.14
2011,Florida Marlins,149,542,1244,0.706,0.444,3.95,8.7,0.9,7.5,2.44
2011,Houston Astros,95,401,1164,0.684,0.346,4.51,9.3,1.2,7.5,2.13
2011,Los Angeles Dodgers,117,498,1087,0.697,0.509,3.54,8.1,0.8,8,2.5
2011,Milwaukee Brewers,185,481,1083,0.75,0.593,3.63,8.4,0.9,7.8,2.86
2011,New York Mets,108,571,1085,0.725,0.475,4.19,9.2,0.9,7,2.19
2011,Philadelphia Phillies,153,539,1024,0.717,0.63,3.02,8,0.7,7.9,3.22
2011,Pittsburgh Pirates,107,489,1308,0.676,0.444,4.04,9.4,0.9,6.4,1.93
2011,San Diego Padres,91,501,1320,0.653,0.438,3.42,8.2,0.8,7.1,2.19
2011,San Francisco Giants,121,448,1122,0.671,0.531,3.2,7.7,0.6,8.1,2.35
2011,St. Louis Cardinals,162,542,978,0.766,0.556,3.74,9,0.8,6.8,2.45
2011,Washington Nationals,154,470,1323,0.691,0.497,3.58,8.7,0.8,6.5,2.2
2011,Baltimore Orioles,191,452,1120,0.729,0.426,4.89,9.8,1.3,6.5,1.95
2011,Boston Red Sox,203,578,1108,0.81,0.556,4.2,8.4,1,7.5,2.25
2011,Chicago White Sox,154,475,989,0.706,0.488,4.1,9,0.9,7.5,2.78
2011,Cleveland Indians,154,494,1269,0.714,0.494,4.23,9.2,0.9,6.3,2.21
2011,Detroit Tigers,169,521,1143,0.773,0.586,4.04,8.8,0.9,7,2.27
2011,Kansas City Royals,129,442,1006,0.744,0.438,4.44,9.2,1,6.7,1.94
2011,Los Angeles Angels of Anaheim,155,442,1086,0.714,0.531,3.57,8.5,0.9,6.5,2.22
2011,Minnesota Twins,103,440,1048,0.666,0.389,4.58,9.9,1,6,1.96
2011,New York Yankees,222,627,1138,0.788,0.599,3.73,8.8,0.9,7.5,2.41
2011,Oakland Athletics,114,509,1094,0.68,0.457,3.71,8.6,0.8,7.2,2.24
2011,Seattle Mariners,109,435,1280,0.64,0.414,3.9,8.6,0.9,6.8,2.5
2011,Tampa Bay Rays,172,571,1193,0.724,0.562,3.58,7.8,1,7.1,2.27
2011,Texas Rangers,210,475,930,0.8,0.593,3.79,8.3,1.1,7.4,2.56
2011,Toronto Blue Jays,186,525,1184,0.73,0.5,4.32,8.8,1.1,7.2,2.16
2012,Arizona Diamondbacks,165,539,1266,0.746,0.5,3.93,9,1,7.5,2.88
2012,Atlanta Braves,149,567,1289,0.709,0.58,3.42,8.2,0.9,7.7,2.66
2012,Chicago Cubs,137,447,1235,0.68,0.377,4.51,8.9,1.1,7.2,1.97
2012,Cincinnati Reds,172,481,1266,0.726,0.599,3.34,8.4,0.9,7.7,2.92
2012,Colorado Rockies,166,450,1213,0.766,0.395,5.22,10.4,1.3,7.2,2.02
2012,Houston Astros,146,463,1365,0.673,0.34,4.56,9.4,1.1,7.4,2.17
2012,Los Angeles Dodgers,116,481,1156,0.69,0.531,3.34,7.9,0.8,7.9,2.37
2012,Miami Marlins,137,484,1228,0.69,0.426,4.09,9,0.8,7,2.25
2012,Milwaukee Brewers,202,466,1240,0.762,0.512,4.22,9,1,8.7,2.67
2012,New York Mets,139,503,1250,0.701,0.457,4.09,8.6,1,7.8,2.54
2012,Philadelphia Phillies,158,454,1094,0.716,0.5,3.83,8.6,1.1,8.6,3.39
2012,Pittsburgh Pirates,170,444,1354,0.699,0.488,3.86,8.5,1,7.5,2.43
2012,San Diego Padres,121,539,1238,0.699,0.469,4.01,8.5,1,7.6,2.24
2012,San Francisco Giants,103,483,1097,0.724,0.58,3.68,8.4,0.9,7.7,2.53
2012,St. Louis Cardinals,159,533,1192,0.759,0.543,3.71,8.7,0.8,7.5,2.79
2012,Washington Nationals,194,479,1325,0.75,0.605,3.33,7.9,0.8,8.1,2.67
2012,Baltimore Orioles,214,480,1315,0.728,0.574,3.9,8.7,1.1,7.1,2.45
2012,Boston Red Sox,165,428,1197,0.73,0.426,4.7,9,1.2,7.3,2.22
2012,Chicago White Sox,211,461,1203,0.74,0.525,4.02,8.5,1.2,7.8,2.48
2012,Cleveland Indians,136,555,1087,0.705,0.42,4.78,9.4,1.1,6.8,2
2012,Detroit Tigers,163,511,1103,0.757,0.543,3.75,8.9,0.9,8.3,3.01
2012,Kansas City Royals,131,404,1032,0.716,0.444,4.3,9.3,1,7.3,2.17
2012,Los Angeles Angels of Anaheim,187,449,1113,0.764,0.549,4.02,8.4,1.2,7.3,2.4
2012,Minnesota Twins,131,505,1069,0.715,0.407,4.77,9.6,1.2,5.9,2.03
2012,New York Yankees,245,565,1176,0.79,0.586,3.84,8.7,1.2,8.2,3.06
2012,Oakland Athletics,195,550,1387,0.714,0.58,3.48,8.3,0.9,7,2.46
2012,Seattle Mariners,149,466,1259,0.665,0.463,3.76,8.4,1,7.2,2.6
2012,Tampa Bay Rays,175,571,1323,0.711,0.556,3.19,7.6,0.9,8.5,2.95
2012,Texas Rangers,200,478,1103,0.78,0.574,3.99,8.6,1.1,8,2.88
2012,Toronto Blue Jays,198,473,1251,0.716,0.451,4.64,9,1.3,7.1,1.99
2013,Arizona Diamondbacks,130,519,1142,0.715,0.5,3.92,8.8,1.1,7.3,2.51
2013,Atlanta Braves,181,542,1384,0.723,0.593,3.18,8.2,0.8,7.6,3.01
2013,Chicago Cubs,172,439,1230,0.693,0.407,4,8.3,1,7.4,2.19
2013,Cincinnati Reds,155,585,1245,0.718,0.556,3.38,7.9,1,7.9,2.98
2013,Colorado Rockies,159,427,1204,0.741,0.457,4.44,9.7,0.9,6.7,2.06
2013,Los Angeles Dodgers,138,476,1146,0.722,0.568,3.25,8.2,0.8,8,2.81
2013,Miami Marlins,95,432,1232,0.627,0.383,3.71,8.5,0.7,7.3,2.24
2013,Milwaukee Brewers,157,407,1183,0.708,0.457,3.84,8.7,1.1,7,2.41
2013,New York Mets,130,512,1384,0.672,0.457,3.77,8.8,0.9,7.4,2.64
2013,Philadelphia Phillies,140,417,1205,0.69,0.451,4.32,9.2,1,7.5,2.37
2013,Pittsburgh Pirates,161,469,1330,0.709,0.58,3.26,7.9,0.6,7.7,2.45
2013,San Diego Padres,146,467,1309,0.686,0.469,3.98,8.7,1,7.2,2.23
2013,San Francisco Giants,107,469,1078,0.702,0.469,4,8.6,0.9,7.8,2.41
2013,St. Louis Cardinals,125,481,1110,0.733,0.599,3.42,8.4,0.7,7.7,2.78
2013,Washington Nationals,161,464,1192,0.71,0.531,3.59,8.5,0.9,7.7,3.05
2013,Baltimore Orioles,212,416,1125,0.744,0.525,4.2,8.9,1.3,7.2,2.47
2013,Boston Red Sox,178,581,1308,0.795,0.599,3.79,8.5,1,8,2.47
2013,Chicago White Sox,148,411,1207,0.68,0.389,3.98,8.8,1.1,7.7,2.45
2013,Cleveland Indians,171,562,1283,0.737,0.568,3.82,8.5,0.9,8.6,2.49
2013,Detroit Tigers,176,531,1073,0.78,0.574,3.61,8.4,0.8,8.8,3.09
2013,Houston Astros,148,426,1535,0.674,0.315,4.79,9.6,1.2,6.8,1.76
2013,Kansas City Royals,112,422,1048,0.694,0.531,3.45,8.5,1,7.5,2.58
2013,Los Angeles Angels of Anaheim,164,523,1221,0.743,0.481,4.23,9.1,1,7.4,2.25
2013,Minnesota Twins,151,533,1430,0.692,0.407,4.55,9.9,1,6.1,2.15
2013,New York Yankees,144,466,1214,0.683,0.525,3.94,9,1.1,7.7,2.82
2013,Oakland Athletics,186,573,1178,0.745,0.593,3.56,8.3,1,7.3,2.76
2013,Seattle Mariners,188,529,1353,0.695,0.438,4.31,9,1.1,8,2.71
2013,Tampa Bay Rays,165,589,1171,0.737,0.564,3.74,8.1,0.9,8.1,2.72
2013,Texas Rangers,176,462,1067,0.735,0.558,3.62,8.4,1,8.1,2.63
2013,Toronto Blue Jays,185,510,1123,0.729,0.457,4.25,9,1.2,7.5,2.42
2014,Arizona Diamondbacks,118,398,1165,0.678,0.395,4.26,9.1,1,8,2.72
2014,Atlanta Braves,123,472,1369,0.665,0.488,3.38,8.5,0.7,8,2.76
2014,Chicago Cubs,157,442,1477,0.684,0.451,3.91,8.6,0.7,8.1,2.6
2014,Cincinnati Reds,131,415,1252,0.661,0.469,3.59,8,1,8,2.54
2014,Colorado Rockies,186,397,1281,0.772,0.407,4.84,9.6,1.1,6.8,2.02
2014,Los Angeles Dodgers,134,519,1246,0.738,0.58,3.4,8.2,0.9,8.4,3.2
2014,Miami Marlins,122,501,1419,0.694,0.475,3.78,9.1,0.7,7.3,2.6
2014,Milwaukee Brewers,150,423,1197,0.708,0.506,3.67,8.6,1,7.7,2.89
2014,New York Mets,125,516,1264,0.673,0.488,3.49,8.4,0.9,8,2.56
2014,Philadelphia Phillies,125,443,1306,0.665,0.451,3.79,8.6,0.8,7.7,2.41
2014,Pittsburgh Pirates,156,520,1244,0.734,0.543,3.47,8.3,0.8,7.6,2.46
2014,San Diego Padres,109,468,1294,0.634,0.475,3.27,8.1,0.7,8,2.78
2014,San Francisco Giants,132,427,1245,0.699,0.543,3.5,8.1,0.8,7.5,3.11
2014,St. Louis Cardinals,105,471,1133,0.689,0.556,3.5,8.2,0.8,7.6,2.6
2014,Washington Nationals,152,517,1304,0.714,0.593,3.03,8.3,0.7,7.9,3.66
2014,Baltimore Orioles,211,401,1285,0.734,0.593,3.43,8.3,0.9,7.2,2.49
2014,Boston Red Sox,123,535,1337,0.684,0.438,4.01,9,0.9,7.4,2.52
2014,Chicago White Sox,155,417,1362,0.708,0.451,4.29,9.2,0.9,7.2,2.07
2014,Cleveland Indians,142,504,1189,0.706,0.525,3.56,8.6,0.8,8.9,3.13
2014,Detroit Tigers,155,443,1144,0.757,0.556,4.01,9.1,0.8,7.7,2.69
2014,Houston Astros,163,495,1442,0.692,0.432,4.11,9,0.9,7.1,2.35
2014,Kansas City Royals,95,380,985,0.69,0.549,3.51,8.6,0.8,7.2,2.65
2014,Los Angeles Angels of Anaheim,155,492,1266,0.728,0.605,3.58,7.9,0.8,8.1,2.66
2014,Minnesota Twins,128,544,1329,0.713,0.432,4.57,10,0.9,6.5,2.53
2014,New York Yankees,147,452,1133,0.687,0.519,3.75,8.6,1,8.5,3.44
2014,Oakland Athletics,146,586,1104,0.7,0.543,3.22,7.8,0.9,7.7,3.06
2014,Seattle Mariners,136,396,1232,0.676,0.537,3.17,7.7,0.8,8.2,2.84
2014,Tampa Bay Rays,117,527,1124,0.684,0.475,3.56,7.9,0.9,8.8,2.98
2014,Texas Rangers,111,417,1162,0.689,0.414,4.49,9.5,1,7,2.2
2014,Toronto Blue Jays,177,502,1151,0.736,0.512,4,8.7,0.9,7.5,2.45
2015,Arizona Diamondbacks,154,490,1312,0.738,0.488,4.04,8.9,1.1,7.5,2.43
2015,Atlanta Braves,100,471,1107,0.674,0.414,4.41,9.2,1.1,7.2,2.09
2015,Chicago Cubs,171,567,1518,0.719,0.599,3.36,7.9,0.8,8.8,3.52
2015,Cincinnati Reds,167,496,1255,0.706,0.395,4.33,8.9,1.1,7.8,2.3
2015,Colorado Rockies,186,388,1283,0.748,0.42,5.04,10,1.2,7,1.92
2015,Los Angeles Dodgers,187,563,1258,0.739,0.568,3.44,8.2,0.9,8.7,3.53
2015,Miami Marlins,120,375,1150,0.694,0.438,4.02,8.7,0.9,7.3,2.27
2015,Milwaukee Brewers,145,412,1299,0.7,0.42,4.28,9,1.1,7.9,2.44
2015,New York Mets,177,488,1290,0.712,0.556,3.43,8.3,0.9,8.2,3.49
2015,Philadelphia Phillies,130,387,1274,0.684,0.389,4.69,10,1.2,7.2,2.36
2015,Pittsburgh Pirates,140,461,1322,0.719,0.605,3.21,8.4,0.7,8.1,2.95
2015,San Diego Padres,148,426,1327,0.685,0.457,4.09,8.6,1.1,8.7,2.7
2015,San Francisco Giants,136,457,1159,0.732,0.519,3.72,8.4,1,7.3,2.7
2015,St. Louis Cardinals,137,506,1267,0.716,0.617,2.94,8.4,0.8,8.2,2.79
2015,Washington Nationals,177,539,1344,0.724,0.512,3.62,8.6,0.9,8.4,3.69
2015,Baltimore Orioles,217,418,1331,0.728,0.5,4.05,8.8,1.1,7.7,2.55
2015,Boston Red Sox,161,478,1148,0.74,0.481,4.31,9.2,1.1,7.6,2.55
2015,Chicago White Sox,136,404,1231,0.686,0.469,3.98,8.9,1,8.4,2.87
2015,Cleveland Indians,141,533,1157,0.725,0.503,3.67,8,1,8.8,3.31
2015,Detroit Tigers,151,455,1259,0.748,0.46,4.64,9.3,1.2,6.8,2.25
2015,Houston Astros,230,486,1392,0.752,0.531,3.57,8.2,0.9,8,3.03
2015,Kansas City Royals,139,383,973,0.734,0.586,3.73,8.5,1,7.2,2.37
2015,Los Angeles Angels of Anaheim,176,435,1150,0.702,0.525,3.94,8.5,1,7.6,2.62
2015,Minnesota Twins,156,439,1264,0.704,0.512,4.07,9.4,1,6.5,2.53
2015,New York Yankees,212,554,1227,0.744,0.537,4.03,8.7,1.1,8.5,2.89
2015,Oakland Athletics,146,475,1119,0.707,0.42,4.14,8.7,1.1,7.3,2.49
2015,Seattle Mariners,198,478,1336,0.722,0.469,4.16,8.8,1.1,7.9,2.61
2015,Tampa Bay Rays,167,436,1310,0.72,0.494,3.74,8.1,1.1,8.4,2.84
2015,Texas Rangers,172,503,1233,0.739,0.543,4.24,9.1,1.1,6.8,2.16
2015,Toronto Blue Jays,232,570,1151,0.797,0.574,3.8,8.5,1.1,7,2.81
2016,Arizona Diamondbacks,190,463,1427,0.752,0.426,5.09,9.7,1.3,8.2,2.19
2016,Atlanta Braves,122,502,1240,0.705,0.422,4.51,8.8,1.1,7.6,2.24
2016,Chicago Cubs,199,656,1339,0.772,0.64,3.15,6.9,1,8.9,2.91
2016,Cincinnati Reds,164,452,1284,0.724,0.42,4.91,9.1,1.6,7.7,1.95
2016,Colorado Rockies,204,494,1330,0.794,0.463,4.91,9.6,1.1,7.7,2.24
2016,Los Angeles Dodgers,189,525,1321,0.728,0.562,3.7,7.8,1,9.4,3.25
2016,Miami Marlins,128,447,1213,0.716,0.491,4.05,8.5,1,8.6,2.32
2016,Milwaukee Brewers,194,599,1543,0.729,0.451,4.08,9.1,1.1,7.4,2.21
2016,New York Mets,218,517,1302,0.733,0.537,3.57,8.7,0.9,8.7,3.18
2016,Philadelphia Phillies,161,424,1376,0.685,0.438,4.63,9.2,1.3,8.1,2.79
2016,Pittsburgh Pirates,153,561,1334,0.734,0.484,4.21,9.2,1.1,7.6,2.31
2016,San Diego Padres,177,449,1500,0.689,0.42,4.43,8.9,1.1,7.6,2.15
2016,San Francisco Giants,130,572,1107,0.728,0.537,3.65,8.2,1,8.1,2.98
2016,St. Louis Cardinals,225,526,1318,0.767,0.531,4.08,8.9,1,8,2.72
2016,Washington Nationals,203,536,1252,0.751,0.586,3.51,7.8,1,9.1,3.15
2016,Baltimore Orioles,253,468,1324,0.76,0.549,4.22,8.8,1.2,7.8,2.29
2016,Boston Red Sox,208,558,1160,0.81,0.574,4,8.4,1.1,8.5,2.78
2016,Chicago White Sox,168,455,1285,0.727,0.481,4.1,8.8,1.2,7.9,2.44
2016,Cleveland Indians,185,531,1246,0.759,0.584,3.84,8.3,1.2,8.7,3.03
2016,Detroit Tigers,211,493,1303,0.769,0.534,4.24,8.9,1.1,7.8,2.67
2016,Houston Astros,198,554,1452,0.735,0.519,4.06,8.8,1.1,8.6,3.08
2016,Kansas City Royals,147,382,1224,0.712,0.5,4.21,9,1.3,8,2.49
2016,Los Angeles Angels,156,471,991,0.726,0.457,4.28,9.4,1.3,7.2,2.28
2016,Minnesota Twins,200,513,1426,0.738,0.364,5.08,10.1,1.4,7.4,2.49
2016,New York Yankees,183,475,1188,0.72,0.519,4.16,8.6,1.3,8.8,3.14
2016,Oakland Athletics,169,442,1145,0.699,0.426,4.51,9.2,1.2,7.5,2.56
2016,Seattle Mariners,223,506,1288,0.756,0.531,4,8.7,1.3,8.1,2.87
2016,Tampa Bay Rays,216,449,1482,0.733,0.42,4.2,8.8,1.3,8.6,2.76
2016,Texas Rangers,215,436,1220,0.755,0.586,4.37,9,1.3,7.2,2.16
2016,Toronto Blue Jays,221,632,1362,0.755,0.549,3.78,8.3,1.1,8.1,2.85
2017,Arizona Diamondbacks,220,578,1456,0.774,0.574,3.66,8.2,1.1,9.3,2.87
2017,Atlanta Braves,165,474,1184,0.738,0.444,4.72,9.1,1.2,7.9,2.15
2017,Chicago Cubs,223,622,1401,0.775,0.568,3.95,8,1.2,8.9,2.6
2017,Cincinnati Reds,219,565,1329,0.761,0.42,5.17,9.1,1.6,8.2,2.06
2017,Colorado Rockies,192,519,1408,0.781,0.537,4.51,9.1,1.2,8,2.39
2017,Los Angeles Dodgers,221,649,1380,0.771,0.642,3.38,7.6,1.1,9.6,3.5
2017,Miami Marlins,194,486,1282,0.761,0.475,4.82,9,1.2,7.5,1.92
2017,Milwaukee Brewers,224,547,1571,0.751,0.531,4,8.6,1.2,8.4,2.43
2017,New York Mets,224,529,1291,0.755,0.432,5.01,9.6,1.4,8.6,2.32
2017,Philadelphia Phillies,174,494,1417,0.723,0.407,4.55,9.2,1.4,8.2,2.48
2017,Pittsburgh Pirates,151,519,1213,0.704,0.463,4.22,9.1,1.1,7.9,2.47
2017,San Diego Padres,189,460,1499,0.692,0.438,4.67,8.9,1.4,8.3,2.39
2017,San Francisco Giants,128,467,1204,0.689,0.395,4.5,9.4,1.1,7.6,2.49
2017,St. Louis Cardinals,196,593,1348,0.76,0.512,4.01,8.6,1.1,8.4,2.74
2017,Washington Nationals,215,542,1327,0.782,0.599,3.88,8.1,1.2,9.1,2.94
2017,Baltimore Orioles,232,392,1412,0.747,0.463,4.97,9.4,1.5,7.7,2.13
2017,Boston Red Sox,168,571,1224,0.736,0.574,3.7,8.4,1.2,9.6,3.4
2017,Chicago White Sox,186,401,1397,0.731,0.414,4.78,8.8,1.5,7.6,1.89
2017,Cleveland Indians,212,604,1153,0.788,0.63,3.3,7.9,1,10.1,3.98
2017,Detroit Tigers,187,503,1313,0.748,0.395,5.36,10.1,1.4,7.6,2.23
2017,Houston Astros,238,509,1087,0.823,0.623,4.12,8.2,1.2,9.9,3.05
2017,Kansas City Royals,193,390,1166,0.731,0.494,4.61,9.3,1.2,7.6,2.34
2017,Los Angeles Angels,186,523,1198,0.712,0.494,4.2,8.6,1.4,8.2,2.79
2017,Minnesota Twins,206,593,1342,0.768,0.525,4.59,9.3,1.4,7.3,2.41
2017,New York Yankees,241,616,1386,0.785,0.562,3.72,7.8,1.2,9.7,3.1
2017,Oakland Athletics,234,565,1491,0.755,0.463,4.67,9.1,1.3,7.6,2.39
2017,Seattle Mariners,200,487,1267,0.749,0.481,4.46,8.7,1.5,7.8,2.54
2017,Tampa Bay Rays,228,545,1538,0.739,0.494,3.97,8.2,1.2,8.4,2.69
2017,Texas Rangers,237,544,1493,0.75,0.481,4.66,9.1,1.3,6.9,1.98
2017,Toronto Blue Jays,222,542,1327,0.724,0.469,4.42,9,1.2,8.4,2.5
2018,Arizona Diamondbacks,176,560,1460,0.707,0.506,3.72,8.1,1.1,8.9,2.77
2018,Atlanta Braves,175,511,1290,0.742,0.556,3.75,7.6,0.9,8.8,2.24
2018,Chicago Cubs,167,576,1388,0.744,0.583,3.65,8,1,8.1,2.14
2018,Cincinnati Reds,172,559,1376,0.729,0.414,4.63,9.3,1.4,7.9,2.36
2018,Colorado Rockies,210,507,1397,0.757,0.558,4.33,8.5,1.1,8.7,2.68
2018,Los Angeles Dodgers,235,647,1436,0.774,0.564,3.38,7.8,1.1,9.5,3.71
2018,Miami Marlins,128,455,1384,0.659,0.391,4.76,8.7,1.2,7.8,2.06
2018,Milwaukee Brewers,218,537,1458,0.747,0.589,3.73,7.8,1.1,8.8,2.58
2018,New York Mets,170,566,1404,0.701,0.475,4.07,8.4,1.1,8.9,2.99
2018,Philadelphia Phillies,186,582,1520,0.707,0.494,4.14,8.5,1.1,9.1,2.93
2018,Pittsburgh Pirates,157,474,1229,0.725,0.509,4,8.7,1.1,8.4,2.69
2018,San Diego Padres,162,471,1523,0.677,0.407,4.4,8.8,1.1,8.6,2.7
2018,San Francisco Giants,133,448,1467,0.667,0.451,3.95,8.5,1,7.8,2.42
2018,St. Louis Cardinals,205,525,1380,0.73,0.543,3.85,8.4,0.9,8.3,2.25
2018,Washington Nationals,191,631,1289,0.753,0.506,4.04,8.2,1.2,8.8,2.91
2018,Baltimore Orioles,188,422,1412,0.689,0.29,5.18,9.8,1.5,7.6,2.04
2018,Boston Red Sox,208,569,1253,0.792,0.667,3.75,8.1,1.1,9.6,3.04
2018,Chicago White Sox,182,425,1594,0.703,0.383,4.83,8.8,1.2,7.9,1.93
2018,Cleveland Indians,216,554,1189,0.766,0.562,3.77,8.3,1.2,9.5,3.79
2018,Detroit Tigers,135,428,1341,0.68,0.395,4.58,9,1.4,7.7,2.47
2018,Houston Astros,205,565,1197,0.754,0.636,3.11,7.2,0.9,10.4,3.88
2018,Kansas City Royals,155,427,1310,0.697,0.358,4.94,9.7,1.3,7.3,2.11
2018,Los Angeles Angels,214,514,1300,0.726,0.494,4.15,8.5,1.3,8.7,2.54
2018,Minnesota Twins,166,534,1328,0.723,0.481,4.5,8.9,1.2,8.6,2.4
2018,New York Yankees,267,625,1421,0.781,0.617,3.78,8.1,1.1,10.1,3.31
2018,Oakland Athletics,227,550,1381,0.764,0.599,3.81,8,1.1,7.6,2.61
2018,Seattle Mariners,176,430,1221,0.722,0.549,4.13,8.7,1.2,8.3,3.32
2018,Tampa Bay Rays,150,540,1388,0.74,0.556,3.74,7.7,1,8.8,2.84
2018,Texas Rangers,194,555,1484,0.722,0.414,4.92,9.5,1.4,7.1,2.28
2018,Toronto Blue Jays,217,499,1387,0.739,0.451,4.85,9.3,1.3,8.1,2.36
2019,Arizona Diamondbacks,220,540,1360,0.757,0.525,4.25,8.6,1.4,8.8,2.77
2019,Atlanta Braves,249,619,1467,0.789,0.599,4.19,8.8,1.3,8.6,2.54
2019,Chicago Cubs,256,581,1460,0.783,0.519,4.1,8.6,1.2,9,2.7
2019,Cincinnati Reds,227,492,1436,0.736,0.463,4.18,7.9,1.3,9.7,2.9
2019,Colorado Rockies,224,489,1503,0.782,0.438,5.56,9.8,1.7,7.9,2.15
2019,Los Angeles Dodgers,279,607,1356,0.81,0.654,3.37,7.5,1.2,9.5,3.88
2019,Miami Marlins,146,395,1469,0.673,0.352,4.74,8.3,1.5,8.6,2.24
2019,Milwaukee Brewers,250,629,1563,0.767,0.549,4.4,8.4,1.4,9.2,2.63
2019,New York Mets,242,516,1384,0.77,0.531,4.24,8.7,1.3,9.4,3.04
2019,Philadelphia Phillies,215,562,1453,0.746,0.5,4.53,9,1.6,8.6,2.55
2019,Pittsburgh Pirates,163,425,1213,0.741,0.426,5.18,9.4,1.5,9,2.47
2019,San Diego Padres,219,504,1581,0.718,0.432,4.6,8.8,1.4,9.3,3.19
2019,San Francisco Giants,167,475,1435,0.694,0.475,4.38,8.5,1.4,8.4,2.64
2019,St. Louis Cardinals,210,561,1420,0.737,0.562,3.8,8,1.2,8.7,2.57
2019,Washington Nationals,231,584,1308,0.796,0.574,4.27,8.4,1.3,9.4,2.92
2019,Baltimore Orioles,213,462,1435,0.725,0.333,5.59,9.6,1.9,7.8,2.22
2019,Boston Red Sox,245,590,1382,0.806,0.519,4.7,8.7,1.3,10,2.7
2019,Chicago White Sox,182,378,1549,0.728,0.447,4.9,9.2,1.5,8.4,2.25
2019,Cleveland Indians,223,563,1332,0.756,0.574,3.76,8.2,1.3,9.4,3.35
2019,Detroit Tigers,149,391,1595,0.682,0.292,5.24,9.8,1.6,8.6,2.55
2019,Houston Astros,288,645,1166,0.848,0.66,3.66,7.4,1.4,10.3,3.73
2019,Kansas City Royals,162,456,1405,0.71,0.364,5.2,9.6,1.4,7.8,2.11
2019,Los Angeles Angels,220,586,1276,0.746,0.444,5.12,8.8,1.7,8.8,2.44
2019,Minnesota Twins,307,525,1334,0.832,0.623,4.18,9,1.2,9,3.24
2019,New York Yankees,306,569,1437,0.829,0.636,4.31,8.6,1.5,9.6,3.03
2019,Oakland Athletics,257,578,1338,0.776,0.599,3.97,8.2,1.2,8,2.72
2019,Seattle Mariners,239,588,1581,0.74,0.42,4.99,9.3,1.6,7.7,2.45
2019,Tampa Bay Rays,217,542,1493,0.757,0.593,3.65,7.8,1.1,9.9,3.58
2019,Texas Rangers,223,534,1578,0.75,0.481,5.06,9.5,1.5,8.6,2.37
2019,Toronto Blue Jays,247,509,1514,0.733,0.414,4.79,9.1,1.4,8.3,2.21
2020,Arizona Diamondbacks,58,181,461,0.704,0.417,4.84,8.8,1.6,9.1,2.23
2020,Atlanta Braves,103,239,573,0.832,0.583,4.41,8.5,1.2,8.7,2.3
2020,Chicago Cubs,74,229,568,0.705,0.567,3.99,7.8,1.3,9.1,2.87
2020,Cincinnati Reds,90,239,534,0.715,0.517,3.84,7.2,1.2,11,2.89
2020,Colorado Rockies,63,161,543,0.716,0.433,5.59,9.9,1.4,6.7,1.92
2020,Los Angeles Dodgers,118,228,471,0.821,0.717,3.02,7.1,1.1,8.6,3.57
2020,Miami Marlins,60,191,537,0.703,0.517,4.86,9,1.5,8.1,2
2020,Milwaukee Brewers,75,221,582,0.702,0.483,4.16,7.8,1.2,10.7,3.25
2020,New York Mets,86,197,498,0.807,0.433,4.98,9,1.4,10.1,2.62
2020,Philadelphia Phillies,82,229,480,0.781,0.467,5.14,10,1.4,9.6,2.88
2020,Pittsburgh Pirates,59,167,521,0.641,0.317,4.68,7.9,1.4,9.4,2.15
2020,San Diego Padres,95,204,479,0.798,0.617,3.86,7.9,1.2,9.8,3.32
2020,San Francisco Giants,81,195,499,0.785,0.483,4.64,8.2,1.2,8.5,2.32
2020,St. Louis Cardinals,51,205,477,0.694,0.517,3.9,7.2,1.3,8.8,2.27
2020,Washington Nationals,66,192,451,0.769,0.433,5.09,9.8,1.7,9.1,2.35
2020,Baltimore Orioles,77,164,514,0.75,0.417,4.51,8.5,1.4,8.5,2.54
2020,Boston Red Sox,81,187,545,0.775,0.4,5.58,10.1,1.7,9.2,2.13
2020,Chicago White Sox,96,179,571,0.779,0.583,3.81,7.7,1.2,8.9,2.41
2020,Cleveland Indians,59,239,517,0.689,0.583,3.29,7.4,1.1,10.4,3.96
2020,Detroit Tigers,62,147,567,0.7,0.397,5.63,9.3,1.7,8.1,2.31
2020,Houston Astros,69,192,440,0.72,0.483,4.31,8.1,1.2,9,2.42
2020,Kansas City Royals,68,172,527,0.711,0.433,4.3,8.7,1.3,9,2.45
2020,Los Angeles Angels,85,239,490,0.763,0.433,5.09,8.4,1.4,9,2.63
2020,Minnesota Twins,91,186,528,0.743,0.6,3.58,7.9,1.1,9.4,3.15
2020,New York Yankees,94,251,480,0.789,0.55,4.35,8.2,1.5,9.5,3.14
2020,Oakland Athletics,71,238,524,0.718,0.6,3.77,8.2,1.2,8.8,3.07
2020,Seattle Mariners,60,207,545,0.678,0.45,5.03,8.4,1.4,8.2,2.04
2020,Tampa Bay Rays,80,243,608,0.753,0.667,3.56,8.1,1.2,9.4,3.29
2020,Texas Rangers,62,167,548,0.648,0.367,5.02,8.3,1.4,8.5,2.07
2020,Toronto Blue Jays,88,203,508,0.766,0.533,4.6,8.9,1.4,8.9,2.08
2021,Arizona Diamondbacks,144,537,1465,0.692,0.321,5.11,9.4,1.5,7.9,2.23
2021,Atlanta Braves,239,549,1453,0.754,0.547,3.88,7.9,1.2,9,2.75
2021,Chicago Cubs,210,502,1596,0.719,0.438,4.87,8.8,1.5,8.7,2.28
2021,Cincinnati Reds,222,553,1425,0.759,0.512,4.4,8.3,1.3,9.6,2.47
2021,Colorado Rockies,182,491,1356,0.731,0.46,4.82,9,1.3,8.2,2.35
2021,Los Angeles Dodgers,237,613,1408,0.759,0.654,3.01,6.9,1,9.9,3.29
2021,Miami Marlins,158,450,1553,0.671,0.414,3.96,8.2,1,8.8,2.61
2021,Milwaukee Brewers,194,586,1465,0.713,0.586,3.5,7.2,1.1,10.1,3.01
2021,New York Mets,176,495,1392,0.705,0.475,3.9,8,1.2,9.5,3.06
2021,Philadelphia Phillies,198,564,1402,0.726,0.506,4.39,8.4,1.3,9.4,2.91
2021,Pittsburgh Pirates,124,529,1328,0.673,0.377,5.08,9,1.4,8.5,2.17
2021,San Diego Padres,180,586,1324,0.722,0.488,4.1,8,1.3,9.5,2.94
2021,San Francisco Giants,241,602,1461,0.769,0.66,3.24,7.8,0.9,8.8,3.43
2021,St. Louis Cardinals,198,478,1341,0.725,0.556,3.98,7.8,1,7.8,2.01
2021,Washington Nationals,182,573,1303,0.754,0.401,4.8,8.8,1.6,8.7,2.46
2021,Baltimore Orioles,195,451,1454,0.705,0.321,5.84,9.7,1.7,7.9,2.19
2021,Boston Red Sox,219,512,1386,0.777,0.568,4.26,8.9,1.1,9.7,2.8
2021,Chicago White Sox,190,586,1389,0.758,0.574,3.73,7.7,1.2,10.2,3.27
2021,Cleveland Indians,203,453,1387,0.71,0.494,4.34,8.2,1.4,8.9,2.66
2021,Detroit Tigers,179,490,1514,0.707,0.475,4.32,8.7,1.3,8,2.2
2021,Houston Astros,221,569,1222,0.783,0.586,3.78,7.7,1.2,9.1,2.65
2021,Kansas City Royals,163,421,1258,0.702,0.457,4.64,8.7,1.2,8.5,2.27
2021,Los Angeles Angels,190,464,1394,0.717,0.475,4.69,8.7,1.2,9.2,2.45
2021,Minnesota Twins,228,525,1405,0.738,0.451,4.83,8.8,1.5,8.4,2.72
2021,New York Yankees,222,621,1482,0.729,0.568,3.74,7.8,1.2,9.8,3.19
2021,Oakland Athletics,199,545,1349,0.723,0.531,4.02,8.6,1.2,8.4,3.03
2021,Seattle Mariners,199,535,1492,0.688,0.556,4.3,8.5,1.2,8.3,2.74
2021,Tampa Bay Rays,222,585,1542,0.75,0.617,3.67,7.8,1.1,9.1,3.39
2021,Texas Rangers,167,433,1381,0.67,0.37,4.79,8.9,1.5,7.8,2.42
2021,Toronto Blue Jays,262,496,1218,0.797,0.562,3.91,8.1,1.3,9.4,3.1
2022,Arizona Diamondbacks,173,531,1341,0.689,0.457,4.25,8.5,1.2,7.7,2.41
2022,Atlanta Braves,243,470,1498,0.761,0.623,3.46,7.6,0.9,9.7,3.11
2022,Chicago Cubs,159,507,1448,0.698,0.457,4,8.4,1.3,8.6,2.56
2022,Cincinnati Reds,156,452,1430,0.676,0.383,4.86,8.6,1.3,8.9,2.31
2022,Colorado Rockies,149,453,1330,0.713,0.42,5.06,9.6,1.2,7.5,2.2
2022,Los Angeles Dodgers,212,607,1374,0.775,0.685,2.8,6.9,0.9,9.1,3.6
2022,Miami Marlins,144,436,1429,0.658,0.426,3.86,8.2,1.1,9,2.81
2022,Milwaukee Brewers,219,577,1464,0.724,0.531,3.83,7.7,1.2,9.5,2.94
2022,New York Mets,171,510,1217,0.744,0.623,3.57,8,1.1,9.8,3.66
2022,Philadelphia Phillies,205,478,1363,0.739,0.537,3.97,8.4,0.9,9,3.07
2022,Pittsburgh Pirates,158,476,1497,0.655,0.383,4.66,9.1,1,7.9,2.13
2022,San Diego Padres,153,574,1327,0.7,0.549,3.81,7.9,1.1,9,3.1
2022,San Francisco Giants,183,571,1462,0.705,0.5,3.85,8.8,0.8,8.6,3.11
2022,St. Louis Cardinals,197,537,1226,0.745,0.574,3.79,8.4,0.9,7.4,2.41
2022,Washington Nationals,136,442,1221,0.688,0.34,5,9.4,1.6,7.8,2.19
2022,Baltimore Orioles,171,476,1390,0.695,0.512,3.97,8.8,1.1,7.6,2.74
2022,Boston Red Sox,155,478,1373,0.731,0.481,4.53,8.9,1.2,8.5,2.56
2022,Chicago White Sox,149,388,1269,0.698,0.5,3.92,8.3,1,9,2.72
2022,Cleveland Guardians,127,450,1122,0.699,0.568,3.46,7.7,1.1,8.6,3.2
2022,Detroit Tigers,110,380,1413,0.632,0.407,4.04,8.5,1.1,7.6,2.34
2022,Houston Astros,214,528,1179,0.743,0.654,2.9,7,0.8,9.5,3.33
2022,Kansas City Royals,138,460,1287,0.686,0.401,4.7,9.5,1.1,7.6,2.02
2022,Los Angeles Angels,190,449,1539,0.687,0.451,3.77,7.8,1.1,8.7,2.56
2022,Minnesota Twins,178,518,1353,0.718,0.481,3.98,8.3,1.2,8.4,2.85
2022,New York Yankees,254,620,1391,0.751,0.611,3.3,7.3,1,9,3.29
2022,Oakland Athletics,137,433,1389,0.626,0.37,4.52,8.8,1.2,7.6,2.39
2022,Seattle Mariners,197,596,1397,0.704,0.556,3.59,7.9,1.2,8.7,3.11
2022,Tampa Bay Rays,139,500,1395,0.686,0.531,3.41,7.9,1.1,8.7,3.6
2022,Texas Rangers,198,456,1446,0.696,0.42,4.22,8.4,1.1,8.2,2.26
2022,Toronto Blue Jays,200,500,1242,0.76,0.568,3.87,8.5,1.1,8.7,3.28
2023,Arizona Diamondbacks,166,540,1247,0.73,0.519,4.48,8.6,1.2,8.5,2.57
2023,Atlanta Braves,307,538,1289,0.845,0.642,4.14,8.4,1.2,9.5,2.84
2023,Chicago Cubs,196,570,1391,0.751,0.512,4.08,8.3,1.1,8.6,2.68
2023,Cincinnati Reds,198,556,1500,0.746,0.506,4.83,8.9,1.4,8.6,2.25
2023,Colorado Rockies,163,447,1543,0.715,0.364,5.67,10.2,1.5,7.2,1.93
2023,Los Angeles Dodgers,249,644,1359,0.795,0.617,4.06,8,1.2,8.6,3.06
2023,Miami Marlins,166,430,1287,0.721,0.519,4.21,8.4,1.2,9.3,2.9
2023,Milwaukee Brewers,165,591,1412,0.704,0.568,3.71,7.6,1.2,8.9,2.89
2023,New York Mets,215,525,1331,0.723,0.463,4.3,8.5,1.2,8.9,2.35
2023,Philadelphia Phillies,220,539,1481,0.765,0.556,4.03,8.2,1.2,9.1,3.09
2023,Pittsburgh Pirates,159,556,1464,0.707,0.469,4.6,8.7,1.1,8.6,2.29
2023,San Diego Padres,205,653,1311,0.742,0.506,3.73,7.9,1.1,9,2.59
2023,San Francisco Giants,174,544,1492,0.695,0.488,4.02,8.8,1.1,8.5,3.37
2023,St. Louis Cardinals,209,570,1326,0.742,0.438,4.79,9.8,1.1,7.7,2.29
2023,Washington Nationals,151,423,1149,0.709,0.438,5.02,9.5,1.5,7.7,2.07
2023,Baltimore Orioles,183,512,1370,0.742,0.623,3.89,8.3,1.1,8.9,3.03
2023,Boston Red Sox,182,486,1372,0.748,0.481,4.52,8.9,1.3,9,2.86
2023,Chicago White Sox,171,377,1424,0.675,0.377,4.87,8.6,1.3,9.2,2.25
2023,Cleveland Guardians,124,471,1142,0.695,0.469,3.96,8.4,1.1,8.2,2.46
2023,Detroit Tigers,165,508,1473,0.686,0.481,4.24,8.2,1.2,8.6,2.89
2023,Houston Astros,222,550,1241,0.768,0.556,3.94,8.2,1.3,9.1,2.72
2023,Kansas City Royals,163,411,1396,0.7,0.346,5.17,9.1,1.3,8.1,2.3
2023,Los Angeles Angels,231,518,1524,0.743,0.451,4.64,8.8,1.3,9.1,2.27
2023,Minnesota Twins,233,594,1654,0.753,0.537,3.87,8,1.2,9.7,3.52
2023,New York Yankees,219,557,1427,0.701,0.506,3.97,8,1.2,9,2.83
2023,Oakland Athletics,171,498,1496,0.669,0.309,5.48,9.3,1.4,8.2,1.87
2023,Seattle Mariners,210,548,1603,0.734,0.543,3.74,8.1,1.1,9.1,3.47
2023,Tampa Bay Rays,230,514,1420,0.776,0.611,3.86,7.9,1.1,9.4,3.43
2023,Texas Rangers,233,599,1416,0.79,0.556,4.28,8.3,1.2,8.5,2.75
2023,Toronto Blue Jays,188,550,1303,0.745,0.549,3.78,8.2,1.2,9.5,3.13
